"id","submitdate","lastpage","startlanguage","seed","Dem02","Dem03","ErfahrungBank","GlaubwuerdigkeitKL","TransparenzKL","FairnessKL","ZufriedenheitKL","ServiceQualityKL","KundenorientierungKL","KompetenzBeraterKL","AttraktivitaetKL","NetPromoterScoreKL","UserEngagement1aNA","UserEngagement1bNA","UserEngagement1cNA","UserEngagement1dNA","UserEngagement1eNA","Anthro1NA","Anthro3NA","Anthro5NA","AgencyNA","SocialPresenceNA","KommunikationsstilNA","ValueAlignmentNA","GlaubwuerdigkeitNA","TransparenzNA","FairnessNA","ZufriedenheitNA","ServiceQualityNA","KundenorientierungNA","KompetenzNA","KompetenzBeraterNA","AttraktivitaetNA","NetPromoterScoreNA","UserEngagement1aWA","UserEngagement1bWA","UserEngagement1cWA","UserEngagement1dWA","UserEngagement1eWA","Anthro1WA","Anthro3WA","Anthro5WA","AgencyWA","SocialPresenceWA","KommunikationsstilWA","ValueAlignmentWA","GlaubwuerdigkeitWA","TransparenzWA","FairnessWA","ZufriedenheitWA","ServiceQualityWA","KundenorientierungWA","KompetenzWA","KompetenzBeraterWA","AttraktivitaetWA","NetPromoterScoreWA","UserEngagement1aSA","UserEngagement1bSA","UserEngagement1cSA","UserEngagement1dSA","UserEngagement1eSA","Anthro1SA","Anthro3SA","Anthro5SA","AgencySA","SocialPresenceSA","KommunikationsstilSA","ValueAlignmentSA","GlaubwuerdigkeitSA","TransparenzSA","FairnessSA","ZufriedenheitSA","ServiceQualitySA","KundenorientierungSA","KompetenzSA","KompetenzBeraterSA","AttraktivitaetSA","NetPromoterScoreSA","CustomerServiceExp","Gutschein","Interview","interviewtime","groupTime6197","groupTime6190","groupTime6191","groupTime6192","groupTime6193","groupTime6194","groupTime6196","groupTime6195","KompetenzBeraterKL - Competence","KompetenzBeraterKL - Honesty","KompetenzBeraterKL - Likeability","KompetenzBeraterNA - Competence","KompetenzBeraterNA - Honesty","KompetenzBeraterNA - Likeability","KompetenzBeraterWA - Competence","KompetenzBeraterWA - Honesty","KompetenzBeraterWA - Likeability","KompetenzBeraterSA - Competence","KompetenzBeraterSA - Honesty","KompetenzBeraterSA - Likeability","KompetenzAssistantNA - Competence","KompetenzAssistantNA - Honesty","KompetenzAssistantNA - Likeability","KompetenzAssistantWA - Competence","KompetenzAssistantWA - Honesty","KompetenzAssistantWA - Likeability","KompetenzAssistantSA - Competence","KompetenzAssistantSA - Honesty","KompetenzAssistantSA - Likeability","AttraktivitaetKL - Pragmatic Quality","AttraktivitaetKL - Attractiveness","AttraktivitaetKL - Hedodnic q Identity","AttraktivitaetKL - Hedodnic q Stimulation","AttraktivitaetNA - Pragmatic Quality","AttraktivitaetNA - Attractiveness","AttraktivitaetNA - Hedodnic q Identity","AttraktivitaetNA - Hedodnic q Stimulation","AttraktivitaetWA - Pragmatic Quality","AttraktivitaetWA - Attractiveness","AttraktivitaetWA - Hedodnic q Identity","AttraktivitaetWA - Hedodnic q Stimulation","AttraktivitaetSA - Pragmatic Quality","AttraktivitaetSA - Attractiveness","AttraktivitaetSA - Hedodnic q Identity","AttraktivitaetSA - Hedodnic q Stimulation"
0,"01.01.1980 00:00",8,"de",985386071,1,"1997",1,3,3,3,3,3,3,3,3,7,4,4,4,4,4,3,3,3,4,3,3,3,3,3,3,3,3,3,3,3,3,7,4,4,4,4,4,3,3,3,4,3,3,3,3,3,3,3,3,3,3,3,3,7,4,4,4,4,4,3,2.8,3,4,3,3,3,3,3,3,3,3,3,3,3,3,6,5,"Galaxus Gutschein (in HÃ¶he von 30CHF)","Nein, ich habe kein Interesse an einem Interview",1529.94,4.15,35.23,162.77,237.83,285.5,412.35,53.44,338.67,3,3,3,3,3,3,3,3,3,3,3,3,3,3,3,3,3,3,3,3,3,3,3,3,3,3,3,3,3,3,3,3,3,3,3,3,3
1,"01.01.1980 00:00",8,"de",636495872,1,"1982",0,5,5,5,5,5,5,4,5,10,5,5,5,5,5,5,3.4,5,4,3,3,3,4.428571429,4.2,4,4,4,4,2.916666667,2.833333333,5,10,5,5,5,5,5,5,3.6,3,3,5,5,5,5,5,5,5,5,5,3,3,4.8,10,5,5,5,5,5,5,2.4,5,6.25,4,4,5,5,4,4,5,4,4,3,3,3,5,NA,"Confiserie SprÃ¼ngli Gutschein (in HÃ¶he von 30CHF)","Ja, ich habe Interesse an einem Interview",1090.75,3.28,23.4,129.56,258.7,386.34,198.4,NA,91.07,5,2,5,3,2.5,3,3,3,3,3,3,3,3,2.75,3,3,3,3,3,3,3,5,5,5,5,5,5,5,5,5,5,5,4,2.5,3,3,4
2,"01.01.1980 00:00",8,"de",1449397971,0,"1994",0,3.285714286,3,3.266666667,3.4,3.8,2.833333333,3,3,6,4.25,5,3,3.25,3.5,2.545454545,2,4.25,2.25,1.4,4.333333333,3.5,3.857142857,4,3.933333333,3.8,3.8,3.833333333,3.333333333,3.5,3.7,8,3,3.5,3.75,3.75,3.5,3.181818182,2.6,3.75,2.75,2.2,3.666666667,3,3.428571429,3.6,3.466666667,3.4,3.6,3.333333333,2.75,3.25,3.5,7,4,4,4.75,4,3.25,3.818181818,2.8,3.75,4.75,2.8,3,3.25,3.142857143,3.2,3.666666667,3.4,3.6,3.166666667,3.166666667,3.25,3.7,7,NA,"SBB Gutschein (in HÃ¶he von 30CHF)","Nein, ich habe kein Interesse an einem Interview",7504.47,23.81,46.54,2523.12,1880.32,1635.39,1359.08,NA,36.21,3,2.25,3.75,4,2.75,3.75,4,2,3.75,4,2,3.75,4.25,2.25,3.5,4,1.75,2.5,4,1.75,3.75,3,3,3.5,2.5,4,4,4,2.5,4,3.5,3.5,2.5,4,3.5,4,3
3,"01.01.1980 00:00",8,"de",1750237050,0,"1972",1,1.142857143,4,1.4,1,1.4,1.333333333,1.583333333,2.3,1,4.5,1.5,4.75,5,5,3.181818182,1.4,4,1.5,1,5,2.25,4.142857143,5,4.066666667,3.6,3.6,3.166666667,3.666666667,2.916666667,3.3,1,4.25,4.5,3.25,3.5,4.25,3.454545455,1.2,3.5,4,1,2.333333333,1.25,2.142857143,4.6,3.066666667,1,2.4,3.166666667,2.083333333,1.75,2.9,1,4.75,5,4.5,5,5,4.363636364,4.2,3.75,6.5,4,4,3.5,3.571428571,5,4.133333333,3.6,3.4,4.333333333,3.916666667,2.333333333,3.9,5,3.894736842,"Galaxus Gutschein (in HÃ¶he von 30CHF)","Ja, ich habe Interesse an einem Interview",10349.5,152.9,93.63,1601.35,4216.43,2121.36,1859.02,217.75,87.09,1,2,1.75,2.5,3,3.25,1.75,1.75,1.75,2,2.5,2.5,5,4.25,1.75,2.5,2.75,1,4,3.75,4,3.5,1.5,1,2,2.5,4,3.5,4,3.25,3.5,2,2.5,4.25,4,3.5,3.5
4,"01.01.1980 00:00",8,"de",91865925,0,"1982",1,3,3.4,3.066666667,3,3,2.833333333,3,3,3,2.5,3,3,3,2.5,2.909090909,2.8,3,3.5,3,3,3.25,3.142857143,2.8,3.066666667,3,3.2,3,3.083333333,3,3.2,4,3,3,3,3,3,3.090909091,3,3,3.25,3.2,3,2.75,3,3,2.866666667,3.4,3.2,3,2.916666667,2.833333333,2.9,5,3,3,3,3,3,3.090909091,3,3,4,3,3,3.5,2.857142857,3,2.933333333,3,3,2.833333333,2.833333333,3.166666667,3,4,3.842105263,"Galaxus Gutschein (in HÃ¶he von 30CHF)","Ja, ich habe Interesse an einem Interview",4514.65,32.14,26.05,243.27,348.07,3122.98,536.96,149.39,55.79,3,3,3,3,3,3,2.75,2.75,3,3,3.25,3.25,3.25,3,3,3,3,2.75,3,2.75,2.75,3,3,3,3,3.25,3,3.5,3,2.75,3.5,2.5,3,3,3,3,3
5,"01.01.1980 00:00",8,"de",267055959,1,"1967",0,3.857142857,3.8,3.866666667,3.6,4.4,4.333333333,4,3.2,5,3.5,5,2.25,5,5,2.818181818,2.2,4.5,6.25,1.8,4.333333333,2.5,4.571428571,4.6,4.866666667,4.4,4.6,4.666666667,3.5,3.75,4.4,8,3.75,4,2.5,4.75,4.75,3.545454545,1.6,2.75,3.25,1,2.333333333,2.75,4.714285714,5,5,1.8,4.4,5,2.916666667,4.666666667,3.6,5,3.75,2.5,2.25,4.75,4.75,4.181818182,1.4,3.75,4.25,3,1.666666667,3,4.714285714,4.8,5,2.2,4.4,5,3,4.416666667,2.8,3,NA,"Galaxus Gutschein (in HÃ¶he von 30CHF)","Ja, ich habe Interesse an einem Interview",5452.4,12.65,40.41,1124.58,1560.26,1343.15,1224.56,NA,146.79,4.75,2.75,4.5,4.5,2.25,4.5,5,4,5,5,3.25,5,3.25,4,3.25,3.75,3.25,1.75,3.75,3.25,2,2.75,4,3,3.5,4.25,4.5,5,4,4.75,3,3.5,2,2,2.5,4.5,3
6,"01.01.1980 00:00",8,"de",1633609730,1,"1995",1,3.142857143,4,3,2.8,3.4,2.833333333,2.5,2.7,4,3.25,3.75,4,4.5,4,2.363636364,1.4,3.5,1,1,1.666666667,1,2.714285714,4,3.533333333,2.2,2.6,3.666666667,3.166666667,2.583333333,3.4,5,2.75,4,3,4,3.5,2.454545455,1.2,2.75,1,1,2,1.75,3,4,3.066666667,2.2,2.8,3,2.416666667,2.583333333,3.8,6,3.75,4.25,4.25,4,3.25,3.909090909,4,4,5,4.4,4,2.75,4,4,4,4,4,3.833333333,3.333333333,2.666666667,3.8,7,5.210526316,"Confiserie SprÃ¼ngli Gutschein (in HÃ¶he von 30CHF)","Nein, ich habe kein Interesse an einem Interview",6099.75,44.51,21.85,1223.66,1500.88,1224.14,1667.88,119.7,297.13,3,2,2.5,3.25,2,2.5,3.25,2,2.5,3.5,2,2.5,3.75,3.25,2.5,2.5,2.25,2.5,4,2.75,3.25,2.5,3,3,2.5,4,3,3.5,2.5,3.75,4,4,3.5,3.75,3.5,4,4
7,"01.01.1980 00:00",8,"de",959942844,1,"1975",0,4.571428571,5,4.866666667,4.8,4.4,4.5,3.833333333,4.4,9,4,4,3.75,4,3.25,3.272727273,1,3,1.75,1.2,3,3,3.428571429,5,3.866666667,3.4,3.6,3.5,3.5,3.25,4,7,3,4,2.75,4,2.5,3.636363636,1,3.75,3.75,1.2,2.666666667,3,3.285714286,5,4.2,2.6,4,3.666666667,2.916666667,3.25,3.5,5,3.75,4.75,4.75,4.75,4.75,3.727272727,1,3,2.75,1,2,3.25,3.571428571,5,4.866666667,3,4.4,4.5,3.5,3.75,3.7,6,NA,"Confiserie SprÃ¼ngli Gutschein (in HÃ¶he von 30CHF)","Nein, ich habe kein Interesse an einem Interview",156842,9.41,32.13,962.74,153195,1543.28,1063.98,NA,34.93,5,2.5,4,4,2.5,3.25,4.25,2.25,3.25,5,2.5,3.75,4.75,3,2.75,3.25,3,2.5,5,2.75,2.75,5,4.5,5,2.5,4.75,4,4,2.5,4.75,2.5,3,2.5,4.5,4,3,2.5
8,"01.01.1980 00:00",8,"de",21313798,0,"1971",1,3.571428571,3.6,3.666666667,3.6,3.6,3.833333333,3,3,9,5,5,5,5,5,4.363636364,4.4,3.25,5.25,3.6,3.666666667,3.75,3.714285714,3.4,3.733333333,3.8,4,3.833333333,3,2.833333333,3.2,5,4.25,4,4.5,4.25,4.5,3.909090909,3.8,3.5,3.75,4,4,4,4.142857143,3.6,4.266666667,3.2,4,4,2.833333333,3.083333333,2.8,8,4.25,4.25,4,4.75,4.25,3.818181818,3.4,4,3.25,3.6,4,3.5,3.714285714,3.6,3.8,3.4,3.4,3.5,3.083333333,2.916666667,3.2,8,5.157894737,"Galaxus Gutschein (in HÃ¶he von 30CHF)","Nein, ich habe kein Interesse an einem Interview",1966.56,8.01,48.42,232.06,707.09,374.56,379.93,40.06,176.43,2.75,3,3.25,2.5,3,3,3.25,3,3,2.75,3,3,2.75,3.25,3,2.75,3,2.75,3.25,3,3,2.75,3,3,3.5,3,3,3,4,2.5,2,3.5,3.5,2.75,3,3.5,4
9,"01.01.1980 00:00",8,"de",751145006,0,"1995",0,4.571428571,4.2,4.2,3,2.8,3.166666667,3.25,2.9,1,4,3,5,5,5,2.454545455,1.8,2.25,1,1,3.333333333,2.5,4.285714286,4.8,4.666666667,3.4,3.2,4.333333333,3.25,3.5,3.7,2,3,5,4,5,5,4.818181818,3.2,3.5,3,3.4,5,3.5,4.714285714,4.2,4.866666667,3.2,4,3.833333333,3.75,3.5,3.8,3,5,5,5,4.75,5,5,3.4,4.5,5.5,5,5,4.5,4.714285714,4.2,5,5,3.8,2.166666667,4.333333333,3.416666667,4.5,5,NA,"SBB Gutschein (in HÃ¶he von 30CHF)","Ja, ich habe Interesse an einem Interview",5667.39,63.78,32.98,1282.9,1409.82,1332.6,1473.92,NA,71.39,4.75,2.5,2.5,4.75,2.75,3,5,2.75,2.75,4.75,2.75,2.75,3.75,2.5,3.5,5,2.25,4,5,3.25,4.75,4,3,2.5,1,5,3,2.5,3,4.25,4,3.5,3,4.5,5,4.5,4
10,"01.01.1980 00:00",8,"de",307983714,0,"1988",1,2.857142857,5,3.266666667,2.6,4.2,3.333333333,3,3.6,4,2.75,3.75,3.25,3.25,3.75,3,2.6,2.75,2.5,2,2,2.75,2.714285714,5,3.333333333,3,3.2,3.5,3,2.75,3.4,5,3.75,3.75,2.25,3.25,3.5,2.818181818,2.2,3,3,2,2,3,2.571428571,5,3.466666667,2.2,3.6,3.333333333,2.75,3.083333333,3.2,5,4,3.5,3.25,3.25,3.25,3.545454545,3.8,3.75,4.75,4.2,4,2.75,3,5,3.4,3.6,3.6,3.666666667,3.083333333,3.166666667,4,5,4.421052632,"SBB Gutschein (in HÃ¶he von 30CHF)","Ja, ich habe Interesse an einem Interview",5567.33,4.5,15.68,1403.89,1077.74,1487.59,1234.09,207.3,136.54,3,2.25,3.75,2.75,2.25,3.25,3.25,2.25,3.75,3,2.5,4,2.75,3.25,3,3.25,2,3,3,2.5,3.75,4.5,3.5,3,2.5,4,3,3,3,3.25,3,3.5,3,4.25,4,3.5,4
11,"01.01.1980 00:00",8,"de",362015945,0,"1978",1,5,5,5,5,5,5,4.25,4.4,10,3,4.25,4.75,4.5,4.25,2.363636364,1.8,3,1,1,3,2.75,5,5,5,5,4.8,5,2.583333333,4,4.4,10,3.5,4,4.5,4.5,4,3.181818182,2.8,3,2.5,1,2.666666667,2.75,5,5,5,5,5,5,3.416666667,4.25,4.1,10,3,5,3.75,5,4.5,4.272727273,2.8,4.25,5,3.4,4.333333333,3.5,5,5,4.933333333,5,4.8,4.666666667,4.666666667,4.666666667,4.6,10,5.684210526,"Galaxus Gutschein (in HÃ¶he von 30CHF)","Ja, ich habe Interesse an einem Interview",5080.01,47.74,22.84,919.93,1248.09,1278.03,1347.85,137.55,77.98,5,3.75,4,4.75,3.5,3.75,5,3.75,4,5,4.25,4.75,2.75,3.25,1.75,3.75,3.25,3.25,5,4.25,4.75,4.5,5,5,3,4.5,4.5,5,3.5,4.5,4,4.5,3,4.5,5,5,4
12,"01.01.1980 00:00",8,"de",352382139,0,"1999",0,3.714285714,3.4,4.2,3.4,4.4,3.833333333,3.5,3.9,6,3.25,4.75,3.75,4,4,2.636363636,2,3.25,1.5,2,4,1.5,3.428571429,3,4.333333333,3.6,4,4.5,3.833333333,3.583333333,3.6,5,4,4.5,2.25,4.75,3,3.090909091,2.2,3.25,1.5,1,3.666666667,1.75,3.714285714,4.4,4.2,3.2,4,4,3.833333333,3.25,3.7,7,3.75,4.25,3.75,4,3.75,3.909090909,3,3.5,4.25,1.8,1.333333333,1,3,4.2,4.066666667,1.4,4,4,2.75,3.416666667,3.2,4,NA,"Confiserie SprÃ¼ngli Gutschein (in HÃ¶he von 30CHF)","Nein, ich habe kein Interesse an einem Interview",3818.27,11.15,22.65,680.92,1057.49,759.31,1259.52,NA,27.23,4.25,2.5,3.75,4.5,2.5,3.75,4,2.25,3.5,4,2.5,3.75,4.25,4,3.25,4.75,3.75,3,3.75,2.75,1.75,4,4,4,3.5,3.75,3.5,4,3,4.25,4,3.5,2.5,4,3,2.5,2.5
13,"01.01.1980 00:00",8,"de",630941008,0,"1983",1,3.571428571,3,3.066666667,2.4,1.8,3.666666667,1.833333333,1.8,2,4.5,2,2.75,4.5,3.5,2.636363636,1.6,3,2.25,1,3,2.75,4,3.6,4.066666667,4.2,4,3.666666667,3.25,2.666666667,3.8,7,2.25,3.5,2.25,1.75,3,3.181818182,4.4,2.25,5.75,2.8,1,2.5,3.285714286,2.2,3.533333333,2.2,3.4,3.666666667,3,3.5,2.1,3,1.5,3.5,2.25,3.75,2.25,3.727272727,3.8,3.75,3.75,2.4,2,3.25,3.571428571,3.4,3.733333333,3.6,3.6,4.333333333,3.75,3.25,3.2,5,5.157894737,"SBB Gutschein (in HÃ¶he von 30CHF)","Ja, ich habe Interesse an einem Interview",5727.86,43.83,28.87,1110.46,1835.96,1237.68,1314.61,114.64,41.81,2.5,1.75,1.25,2.75,2.5,2.75,3.75,3,3.75,3.75,2.5,3.5,3.5,4,2.25,2,3,4,4,3.75,3.5,2,2,2,1,4,4,4,3,1.5,2,2,3.5,2.5,4,4,3
14,"01.01.1980 00:00",8,"de",910267194,1,"1985",0,3.857142857,3.6,4.6,4.8,4.8,4.5,4.083333333,3.7,7,5,5,4.75,5,5,2.636363636,1,4.25,2.25,1,3.666666667,1,4.714285714,4,4.6,4.6,4.8,4.666666667,3.916666667,4.25,4.2,9,1.75,4,2.75,2.75,2.25,2.636363636,1.2,2,1,1,1,1.5,3.857142857,4,4.2,3.6,4.6,4.666666667,2.166666667,4.083333333,3,6,2.5,4,2,5,2.25,3.727272727,2.4,3.5,3.5,2.2,2.333333333,2.75,3.714285714,4,4.133333333,3.4,4.6,4.5,3.583333333,4,3.3,6,NA,"Confiserie SprÃ¼ngli Gutschein (in HÃ¶he von 30CHF)","Ja, ich habe Interesse an einem Interview",7330.61,35.28,58.26,1644.68,1397.2,1689.58,2451.22,NA,54.39,4,3.75,4.5,4.75,3.25,4.75,4.5,3.25,4.5,4,3.5,4.5,4.75,4,3,2.5,2.5,1.5,4.25,3.25,3.25,3.5,4,3.5,4,4.25,4.5,4.5,3.5,3.25,3.5,3,2,3,3.5,3.5,3.5
15,"01.01.1980 00:00",8,"de",1108311490,0,"1984",1,4.571428571,4.8,4.733333333,5,4.6,4.833333333,4.333333333,4.4,9,1.5,3.75,4.5,5,5,3.545454545,3.6,4,7,3.4,5,4,4.857142857,5,5,4.6,5,5,2.833333333,4.75,4,6,3.25,2.75,2.75,2.75,2.25,4,3.4,2,4.25,1,1.666666667,1.75,2.571428571,5,4.8,1.4,4.8,5,2.833333333,4.416666667,2.8,2,2.75,1.5,3.75,1.5,1,4.181818182,2,2,1,1,3,2.75,2,5,5,1.2,2.6,4.833333333,2.416666667,4.333333333,1.5,1,5.473684211,"Confiserie SprÃ¼ngli Gutschein (in HÃ¶he von 30CHF)","Ja, ich habe Interesse an einem Interview",12022.5,67.29,78.52,1399.25,2869.69,5326.2,1822.9,118.23,340.42,5,4,4,5,4.25,5,5,4,4.25,4.75,3.75,4.5,2.5,3.75,2.25,2.25,4,2.25,4.25,1.75,1.25,4.5,4.5,4.5,4,4.5,4,4,3,2,3,3,4,2.25,1,1,1
16,"01.01.1980 00:00",8,"de",2115305024,1,"1987",1,3.571428571,3.6,3.333333333,3,3.4,3.833333333,2.75,2.2,5,2.25,2.5,2,2.5,2,2,1.2,2.75,1,1,1,2,3.285714286,3.8,3.333333333,2,3.2,3.5,2.333333333,2.666666667,2.9,4,2,2.75,2.25,4,4,3.818181818,4.2,3.25,6.5,4,4.666666667,4,4,4.4,3.866666667,4.2,4.4,4.333333333,3.833333333,3.416666667,3.9,6,3.5,4.25,2.75,4.25,3.5,4.181818182,4.6,4.25,6.75,4.6,4.666666667,4.75,4.285714286,4.6,4.4,4.8,4.2,4,4.416666667,3.5,3.9,8,5.526315789,"Galaxus Gutschein (in HÃ¶he von 30CHF)","Ja, ich habe Interesse an einem Interview",6241.01,44.13,48.18,1142.68,1409.23,2000.45,1371.6,135.49,89.25,2.75,2.5,3,2.5,3,2.5,4,2.5,3.75,3.75,3,3.75,2.75,3,1.25,4,3.25,4.25,4.75,3.75,4.75,1.75,3,2,2.5,4,3,2,1.5,4.5,3.5,3,4,3.75,3.5,4,4.5
17,"01.01.1980 00:00",8,"de",537634978,0,"1992",1,3.571428571,4.6,4,3.8,3.6,3.833333333,3.416666667,3.8,8,4,4.25,4,4,4.25,3,2,2.5,2,1.4,3,1.75,3.285714286,4,3.533333333,2.6,3.6,3.166666667,2.416666667,3.5,3.1,6,4,4.5,4.75,4,4,3.727272727,2.8,3.5,5.25,2.6,3.333333333,3.25,3.571428571,4.4,4,3.6,3.6,3.833333333,3.666666667,3.666666667,3.5,7,4.25,4.5,4.25,4,4.25,4.272727273,2.8,3.5,5.25,3,3.666666667,2.75,3.571428571,4.6,3.8,3.6,3.6,4.333333333,3.75,3.5,3.7,8,4.578947368,"Confiserie SprÃ¼ngli Gutschein (in HÃ¶he von 30CHF)","Nein, ich habe kein Interesse an einem Interview",4957.73,23.23,20.93,988.68,2321.68,714.18,749.99,100.84,38.2,3.5,3.25,3.5,4,2.75,3.75,4,3,4,3.25,3,4.25,3.25,2.25,1.75,3.75,3.5,3.75,4.25,3,4,4,4,4,3,3.5,3,3,2.5,3.75,3.5,3,3.5,4,3.5,4,3
18,"01.01.1980 00:00",8,"de",2071141332,1,"1987",0,3.428571429,4.6,3.533333333,3,4.2,3.333333333,3.416666667,3,3,4.5,4.25,4,4,4,3.272727273,1.8,5,2,1.4,5,3.5,3.285714286,4.8,3.8,4,4.2,3,4.083333333,3.166666667,4.2,7,3,4,3.5,4,5,3.909090909,2.8,4,3.5,3,3.666666667,2.5,2.714285714,4,3.8,3,3.4,3.333333333,4,3.166666667,3.7,4,3,4,3.25,4.25,4.75,4.454545455,3.8,4,5.25,3,4,3.25,3.142857143,4.8,3.6,3.6,4,3,4.333333333,3.166666667,3.9,6,NA,"Galaxus Gutschein (in HÃ¶he von 30CHF)","Ja, ich habe Interesse an einem Interview",5091.56,215.83,43.08,1000.45,1212.3,1402.49,1161.97,NA,55.44,3.75,3,3.5,3.75,2.5,3.25,3.5,2.75,3.25,3.75,2.5,3.25,4.5,3.5,4.25,4.25,3.75,4,4.5,3.75,4.75,3,3.5,3.5,2,4.25,4,4.5,4,4.25,3.5,3.5,3,4.25,4,3.5,3.5
19,"01.01.1980 00:00",8,"de",1569230955,0,"1972",1,3.714285714,4,3.933333333,4.4,3.8,3.833333333,3.75,4,9,4,3.5,3.75,3.5,4.5,3.272727273,2.8,4.25,3.5,2.2,3.333333333,3,3.285714286,3.8,4.133333333,4.2,4.4,4.166666667,3.583333333,4,3.7,8,4,3.75,3.5,4.25,3.75,3.454545455,3.4,3.75,4.75,3,4.333333333,3.75,3.857142857,4,3.733333333,4.4,4,3.833333333,3.333333333,4.25,3.9,9,3.75,4.25,4.25,4,4.5,3.545454545,3.4,4,5,2.8,3.333333333,3.75,3.857142857,4.2,4.266666667,4.4,4.2,4.166666667,3.833333333,3.916666667,4.2,9,5.526315789,"SBB Gutschein (in HÃ¶he von 30CHF)","Ja, ich habe Interesse an einem Interview",6439.42,132.51,73.49,1214.79,1683.88,1593.17,1381.43,176.92,183.23,4.25,2.75,4.25,4,3.25,4.75,4.5,3.5,4.75,4.5,2.75,4.5,4,3,3.75,3.75,2.5,3.75,4,3.5,4,3.75,4,4,4.5,4,4,3,3.5,3.75,4,4,4,4.25,4,4,4.5
20,"01.01.1980 00:00",8,"de",1750288588,1,"1957",1,2.571428571,3.6,3.333333333,2.8,3.4,3,3.25,2.9,2,3,3,3,3.25,3.25,2.090909091,3.4,3.5,3,2.2,2.333333333,3,1.714285714,4.2,3.066666667,2.2,3.4,2.333333333,3.25,3,2.5,1,4,3.5,2.75,3.25,3.25,2.818181818,2.6,3,2.75,2,3,2.5,1.857142857,4.8,2.066666667,1.4,2.8,1.333333333,2.916666667,2.5,2.8,1,3,3.75,3,4,3,3.090909091,2.8,3.5,3.5,2.4,3,3,2.285714286,4.2,2.866666667,1.8,3.4,2.333333333,2.75,2.666666667,2.6,1,3.736842105,"Confiserie SprÃ¼ngli Gutschein (in HÃ¶he von 30CHF)","Ja, ich habe Interesse an einem Interview",6110.32,36.3,64.3,1333.1,1384.09,1733.06,1306.67,107.06,145.74,3.25,2.75,3.75,2.75,3,3.25,2,2.5,3,2.25,2.5,3.25,3,3.25,3.5,3.5,2.25,3,2.75,2.5,3,3,2.5,3,3,2.75,3.5,2.5,1,3.5,4,2,1,3,3,2.5,1.5
21,"01.01.1980 00:00",8,"de",1397752698,0,"1997",1,4.571428571,4.4,4.533333333,4,4.6,4.333333333,4.166666667,3.7,8,4.5,4.25,4.5,4.5,4.5,2.727272727,1,5,4.5,1.8,4,1,5,3.4,4,4.8,5,4,3.5,3.833333333,4,9,4,4,3.5,4.5,4.5,3.454545455,1,3,1.25,1,3,1,3.285714286,3.6,4.8,4.6,4.4,4.833333333,2.833333333,4.5,3.8,7,3,3.75,4.25,4.5,2.75,2.363636364,1,3,2.5,1.8,1.666666667,2.5,3.285714286,3.4,4.333333333,4.4,4.8,4.5,2.916666667,3.666666667,3.4,6,5.105263158,"Galaxus Gutschein (in HÃ¶he von 30CHF)","Nein, ich habe kein Interesse an einem Interview",4627.72,3.19,19.38,254.12,1880.31,1354.63,972.5,71.39,72.2,4.75,3.5,4.25,4.75,2.25,4.5,4.5,4.25,4.75,5,3,3,4.25,2.25,4,3.5,2.75,2.25,2.75,2.75,3.25,3.5,4,3.5,4,4.5,4,4,3,4.75,4,4,1.5,3.5,4,2,4
22,"01.01.1980 00:00",8,"de",268899257,0,"1968",1,4,4,4,4,4,4,3,4,6,3,4,4,5,4,4,4,4,1,2,2,2,4,4,2.066666667,3,4,4,3,3,2.1,6,1,1,2,2,2,1.545454545,1.6,1.25,1,1,1,1.25,1,3,2.6,1,2.8,3.666666667,2.333333333,3.25,2,2,4,5,5,5,5,4,3.6,4,5,4,4,4,4,4,4,4,4,4,3,3,4,8,6,"Confiserie SprÃ¼ngli Gutschein (in HÃ¶he von 30CHF)","Ja, ich habe Interesse an einem Interview",4167.1,59.5,30.04,749.23,1033.02,1456.85,694.4,91.49,52.57,3,3,3,3,3,3,3.75,2.75,3.25,3,3,3,3,3,3,2.5,1.75,2.75,3,3,3,4,4,4,4,2.5,1.5,2,2,2.5,2,2,1,4.25,3.5,4,4
23,"01.01.1980 00:00",8,"de",1881521045,NA,"",NA,2.428571429,3.8,2.666666667,2.4,2.6,2.333333333,3,3.5,2,1.75,2.25,2,3.25,1.75,1.545454545,1,2.25,1.25,1,1,1,1.571428571,3.2,2.533333333,1.8,1.8,1.666666667,2.833333333,2.833333333,3.1,1,2.75,3,3.25,2.75,3,1.545454545,1,3,3.25,2.4,1,1.25,1.571428571,2.8,2.8,1,1.8,2.666666667,2.5,2.583333333,3.1,1,3.25,3,2.5,2.25,2.75,1.272727273,2,2.75,2,1,1,1,1.428571429,2.8,2.866666667,2,1.4,2,2.75,2.666666667,2.7,1,NA,"SBB Gutschein (in HÃ¶he von 30CHF)","Nein, ich habe kein Interesse an einem Interview",5674.62,5.08,7.38,1087.59,1810.82,1349.31,1298.53,NA,115.91,3.5,2.5,3,3.25,2.5,2.75,2.75,2.25,2.75,2.75,3,2.25,3,2.75,2.75,3,2.5,2,3,1.75,3.5,3.75,3,4,3,3.75,3,3,2,3.25,3,3,3,3,3,2.5,2
24,"01.01.1980 00:00",8,"de",575731475,1,"1961",1,4,4,3.933333333,3.4,3.6,3.833333333,3.25,3.3,6,4,4,4,4,5,3.272727273,3.4,3.25,3.75,2.4,3,1.5,3.285714286,4,3.733333333,3.6,3.4,3.833333333,3.25,3.166666667,3.2,7,4,4.75,4.75,5,5,3.636363636,2,3,3.5,2.2,3.666666667,2.5,3.571428571,4,3.8,2.8,3.4,3.5,3.083333333,3,3.2,4,4,4,4,4.5,5,3,3,3,4,1.4,2,3,3.571428571,4,3.866666667,3.8,3.6,3.833333333,3.166666667,3.25,3.1,8,4.421052632,"SBB Gutschein (in HÃ¶he von 30CHF)","Ja, ich habe Interesse an einem Interview",5923.96,6.35,58.49,1148.33,1744.36,1600.38,1164.46,151.2,50.39,3.25,2.5,4,3.25,2.25,4,2.75,2.25,4,3.5,2.25,4,3,2.5,4.25,2.75,2.25,4.25,3.25,2.25,4,3.75,3,3,3,3.25,3,3.5,3,3.75,3,3,2.5,3.25,3,3,3
25,"01.01.1980 00:00",8,"de",1473358445,1,"1997",0,4.142857143,4.8,4,4.6,4.8,4,3.75,3.7,7,3,4,4,4.75,4.25,2.818181818,1,4,1,1,4,2.75,4.428571429,5,4.533333333,5,4.4,4,3.166666667,3.583333333,4.5,9,3.5,4,3.75,4.5,4,3.636363636,2,4,4.5,2.6,3,3.25,4.142857143,5,4.333333333,4.2,4.8,4.166666667,3.5,3.833333333,4.1,7,4,4.5,4.75,4.5,4,4.090909091,2.8,4,5,3.8,4,3.5,4.571428571,5,4.533333333,4.2,4.4,4.166666667,3.583333333,3.5,4.4,7,NA,"Confiserie SprÃ¼ngli Gutschein (in HÃ¶he von 30CHF)","Nein, ich habe kein Interesse an einem Interview",7830.85,31.73,21.49,1133.6,3411.92,1189.19,1885.55,NA,157.37,4,3.5,3.75,4.25,2.5,4,4.25,3.25,4,3.5,2.75,4.25,3.75,3.25,2.5,3.75,3.75,3,4.25,3,3.5,4.25,4,3.5,2.5,4.75,4.5,4.5,4,4.5,4,4,3.5,4.75,4,4.5,4
26,"01.01.1980 00:00",8,"de",646474354,1,"1972",1,3.571428571,4.4,3.466666667,3.4,4.6,4.5,3.416666667,4.2,7,3.75,4.75,4.75,3.25,4,2.636363636,3,3.25,3,1.8,2.666666667,1.5,3.428571429,4,3.8,3.2,3.8,4.166666667,2.833333333,3.416666667,4,4,4,3.75,4.25,3.75,4,2.272727273,2.6,3.25,2.25,2.4,3,2.25,3.142857143,4,3.333333333,2.6,4,4,3.166666667,3.083333333,3.9,6,4,4.75,4,4.75,4.5,3,3.6,3,3.75,2.2,4.333333333,2,3.571428571,4,3.733333333,3.4,4.2,3.666666667,3.416666667,2.583333333,4,5,3.210526316,"Confiserie SprÃ¼ngli Gutschein (in HÃ¶he von 30CHF)","Ja, ich habe Interesse an einem Interview",24957.7,16.01,54.71,5557.98,1077.96,15619.5,2493.6,64.13,73.77,3,3.5,3.75,3.75,2.5,4,3.5,2.5,3.25,3,1.75,3,3,2.5,3,3.25,3,3.25,4,3,3.25,4.25,4.5,4.5,3.5,4.25,4,4,3.5,4.25,4,4.5,2.5,4.25,4.5,4,3
27,"01.01.1980 00:00",8,"de",352064400,1,"1989",0,4.428571429,4.8,4.533333333,3.2,4,4,3.583333333,3.2,6,3.5,4.25,2.75,4.75,3.5,3,1,3.75,1,1,1,3.5,4.142857143,4.8,4.666666667,4.2,4.4,4.333333333,3.916666667,3.916666667,3.2,8,1.75,1.5,2.75,3.5,1.5,2.272727273,1,3,2,1,1,3.25,3.428571429,4.8,4.4,2.2,4.2,4.166666667,2.916666667,3.666666667,3,6,2.25,5,3,4.75,3.5,4,2.6,4.25,3.5,3,5,4.5,4.142857143,4.6,4.533333333,3.8,4.2,4.166666667,4,3.416666667,3.5,7,NA,"SBB Gutschein (in HÃ¶he von 30CHF)","Nein, ich habe kein Interesse an einem Interview",4458.18,33.58,32.51,1016.97,851.47,1105.98,1388.15,NA,29.52,4,3.25,3.5,4.5,3.25,4,4.5,2.5,4,3.25,3.25,3.75,5,4,2.75,3.5,4,1.25,4.75,3.25,4,3,3.5,3.5,3,3.25,3.5,3,3,3,3.5,3,2.5,3.25,3.5,4,3.5
28,"01.01.1980 00:00",8,"de",1693369451,0,"1996",0,2.714285714,2.8,2.866666667,2,3,3.166666667,2.75,2.2,2,3.75,4.25,3.25,3,3.25,3,1.4,4,1,1,2.333333333,2.75,3.571428571,3.4,3.8,3.2,3.8,3.5,3.25,3.583333333,3.9,6,3,2.5,2.75,3,3,3.181818182,1.6,3,1.75,1,2,3,3.428571429,3,3.733333333,3,3.6,3.5,2.666666667,3.416666667,3.2,4,3.75,3.75,2,3.75,2.75,4.272727273,2.8,4.5,6.25,3.6,3.333333333,3,4,3.4,3.8,3.4,3.8,3.333333333,3.166666667,3.5,3.5,4,NA,"SBB Gutschein (in HÃ¶he von 30CHF)","Ja, ich habe Interesse an einem Interview",8643.92,39.42,139.5,1593.77,3170.27,1647.69,1966.93,NA,86.34,2.5,3.5,2.25,3.75,3.5,3.5,3.5,3.25,3.5,3.5,3.5,3.5,3.5,3.75,2.5,2.75,3.25,2,3.25,3,3.25,3.75,1.5,1,1,4.75,4,3.5,2.5,3.75,3,3,2.5,4.5,3,3,2.5
29,"01.01.1980 00:00",8,"de",1533013141,0,"1963",1,1.857142857,1,1.866666667,2.2,1.8,1.5,2,3.2,6,4.25,4.75,4.25,4.5,5,3.727272727,2.2,4,4.75,2.8,4,3,4.142857143,4.8,4.066666667,3.8,4.4,4,3.666666667,3.916666667,4,7,3.25,3.75,4.5,5,5,4.181818182,2,4,3.75,2.4,4,2.75,4.285714286,4.6,4.066666667,3.6,3.8,4.333333333,3.666666667,3.833333333,3.7,7,4.25,4,4.25,5,4.75,4.181818182,3.2,4.25,5.25,3,4.333333333,4,4.285714286,4.8,4.066666667,3.8,4.2,4.166666667,4.166666667,4.25,4.3,8,6.105263158,"Confiserie SprÃ¼ngli Gutschein (in HÃ¶he von 30CHF)","Ja, ich habe Interesse an einem Interview",5830.25,44.88,23.14,1874.12,1254.91,1448.98,1028.47,108.51,47.24,2.25,2.25,1.5,4.25,3.5,4,4,3.75,3.75,4.5,3.75,4.5,4.5,3,3.5,4.25,3,3.75,5,3.5,4,3.75,3,2.5,3,4.5,4,4,3,4.25,4,3,3,4.75,4.5,4,3.5
30,"01.01.1980 00:00",8,"de",1854164665,1,"2000",0,5,4.2,4.933333333,4.8,5,5,4.25,4.3,8,5,5,4.75,4.75,5,3.636363636,1,4.75,1.25,1.2,5,5,5,5,5,5,5,5,4.25,4.083333333,4.6,10,3.75,4.5,4.5,5,4.5,4.636363636,1.6,4.25,4.5,4,4,5,5,5,4.866666667,4.8,5,5,4.666666667,4.083333333,4.5,9,4.25,4.75,4.75,4.5,4.75,4.909090909,4,4.25,7,5,4.333333333,5,5,4,5,4.6,5,5,4.166666667,4.083333333,4.2,8,NA,"Galaxus Gutschein (in HÃ¶he von 30CHF)","Nein, ich habe kein Interesse an einem Interview",9076.1,3.49,18.95,1153.86,930.05,6208.9,577.68,NA,183.17,5,3.5,4.25,5,3.5,3.75,5,3.5,3.75,5,3.5,3.75,4.5,4.75,3.5,5,4.5,4.5,5,3.5,4,4.5,4.5,5,3,4.75,5,5,3.5,4.75,5,4.5,3.5,4.25,5,3.5,4
31,"01.01.1980 00:00",8,"de",291164963,0,"1953",1,4.142857143,3.8,4,4.4,4,4.166666667,3.666666667,3.8,8,3.75,4,3.5,3.5,4,3.454545455,3.8,3.75,3.75,3.2,3.666666667,3,3.857142857,4.4,3.666666667,4,4.2,4,3.333333333,3.416666667,3.8,8,3.5,3.75,3.75,3.75,3.5,3.636363636,3.2,3.75,6,4,4,4.25,4.285714286,4.4,3.8,3.8,4,3.666666667,3,3.25,3.7,7,3.75,3.75,3.75,4.25,4,3.272727273,3.4,3.5,3.25,3.2,4,3.25,3.714285714,4.2,3.733333333,3.8,4.2,3.833333333,2.916666667,3.25,3.7,8,4.263157895,"SBB Gutschein (in HÃ¶he von 30CHF)","Nein, ich habe kein Interesse an einem Interview",1632.33,3.72,53.5,247.7,369.61,400.88,384.93,126.49,45.5,4,3,4,3.75,2.75,3.75,3.25,3.25,3.25,3.25,2.75,3.75,3.5,3,3.5,3.25,2.5,3.25,3,3.25,2.5,3.75,4,4,3.5,4,4,4,3,3.5,4,4,3.5,3.5,4,4,3.5
32,"01.01.1980 00:00",8,"de",1972358782,0,"1999",0,3.428571429,4,3.8,3.6,3.6,3.333333333,3.583333333,3.2,6,5,4,4,3.75,4,3.272727273,1.6,3.5,1.5,2,3.666666667,3.25,3.428571429,3.8,3.666666667,3.8,3.8,3.666666667,3.416666667,3.583333333,3.7,6,2.5,4.75,3.5,4.5,4.75,3,1.8,3.5,1.5,1.6,3.333333333,3,3.714285714,4,3.6,2.8,3.6,3.833333333,3,3.25,3.5,5,2.25,2.5,4,3.5,3.5,2.818181818,2.4,3.25,2.5,2.4,1.666666667,2.75,3.428571429,4,4.066666667,3.4,3.6,3.833333333,3.333333333,3.666666667,3.7,5,NA,"SBB Gutschein (in HÃ¶he von 30CHF)","Ja, ich habe Interesse an einem Interview",27442.8,19.44,23.1,7351.62,3532.28,2209.82,14209.3,NA,97.21,3.5,3.25,4,3.25,3.25,4.25,3.25,2.75,3.75,4,3,4,3.25,3,4,2.5,3,3.5,3.75,2.5,3.75,3,3.5,3.5,3,3.75,4,4,3,3.75,3,3.5,3.5,4,3.5,4,3
33,"01.01.1980 00:00",8,"de",797823905,1,"1993",1,4.714285714,5,4.466666667,5,4.6,4.666666667,4.166666667,4.2,9,5,5,5,4.5,4,2.545454545,1,3.75,1,1,3.333333333,1.75,4.428571429,5,4.733333333,5,4.6,4.666666667,3.25,3.833333333,4.3,9,1,5,4,4,4.75,4.454545455,2.2,3.75,1.75,3.2,5,2.5,4.142857143,5,4.666666667,4.4,4.2,4.666666667,3.916666667,3.916666667,4.3,8,3.75,4.75,4.75,4.5,4.5,4.636363636,3.2,3.75,3.75,4.4,5,3.5,4.428571429,5,4.666666667,4,4.4,4.666666667,4.25,4.5,3.7,8,4.947368421,"SBB Gutschein (in HÃ¶he von 30CHF)","Nein, ich habe kein Interesse an einem Interview",51327.9,3.72,19.59,30221.8,18086.3,1369.14,1423.44,122.13,81.82,5,3,4.5,3.75,3.25,4.5,4.25,3,4.5,5,3.75,4.75,4.75,2.75,2.25,4.75,3,4,5,4,3.75,4.5,4.5,3.5,4,4.5,4.5,4,4,4.5,4.5,4,4,3.5,4,3.5,4
34,"01.01.1980 00:00",8,"de",733323521,1,"2002",0,3.428571429,2.6,3.866666667,3.2,3.8,4,3.583333333,2.7,4,4.25,4,4.5,4,4,3.454545455,2,3.75,4,2.8,3,3.75,3.428571429,3.4,3.733333333,3.2,3.4,4,3.416666667,3.333333333,3.7,6,4.25,3.75,4.25,4,3.5,4,3,4,5.5,2.6,3.666666667,3.25,4,4,4.2,4,4.4,3.833333333,3.5,3.333333333,4.1,7,3.75,4,3.75,4.75,4.25,3.909090909,3,4.25,5.25,3.4,3.666666667,3.75,3.571428571,3.6,3.866666667,3.8,3.8,3.833333333,3.75,3.25,4.1,8,NA,"Confiserie SprÃ¼ngli Gutschein (in HÃ¶he von 30CHF)","Nein, ich habe kein Interesse an einem Interview",5644.38,43.14,32.5,1060.96,1899.29,1397.02,1165.52,NA,45.95,4,3,3.75,3.75,2.5,3.75,4.25,2.25,3.5,3.75,2.25,3.75,3.5,3.25,3.5,3.5,3.25,3.75,4,3.5,3.75,2.25,3.5,4,1.5,3.75,3.5,4,3.5,4.5,4,3.5,4,3.75,4.5,4,4.5
35,"01.01.1980 00:00",8,"de",1954685994,0,"1976",0,4.714285714,4.8,4.266666667,4,4.8,4.333333333,3.916666667,3.7,7,3,4,4,4.5,4.25,2.272727273,1,3.5,1,1,1.666666667,2.5,4.857142857,4.8,4.533333333,4,4.8,4.5,3.416666667,4.25,3.9,7,4,4,3.5,3.5,4,3.272727273,1,3,2.25,1.8,2,2.75,4.142857143,4.8,4.6,3.8,4.8,4.333333333,3.75,4.083333333,4,7,4,3.75,3,5,4.25,4,2,4.25,4.25,3.4,3.666666667,3.25,4.285714286,4.8,4.533333333,4,4.8,4.666666667,3.583333333,3.916666667,3.9,8,NA,"Galaxus Gutschein (in HÃ¶he von 30CHF)","Ja, ich habe Interesse an einem Interview",5682.75,43.82,261.86,1077.72,1482.93,1326.95,1384.64,NA,104.83,4.25,3,4.5,4.75,3.5,4.5,4.25,3.5,4.5,4.25,3.25,4.25,4,4,2.25,4,3.5,3.75,3.75,3.5,3.5,4.25,4.5,3,2.5,4.75,4,3.5,2.5,4.75,4,3.5,3,4.5,4.5,3.5,2.5
36,"01.01.1980 00:00",8,"de",923900188,0,"1998",0,2.571428571,3,3.333333333,2,3,2.5,2.75,2.6,4,4.75,4.5,4.75,4.5,5,3.454545455,2.4,3.5,2.5,1.8,2.666666667,2,4,4.6,4.266666667,4.6,4.2,3.833333333,2.75,3.416666667,3.7,7,4,4,3,2,2,1.818181818,2,3.25,2.25,2,2,3,2,3,2.733333333,1.8,3.2,2.5,2.083333333,2.416666667,2.4,3,2.5,2,2.5,2,2,2.363636364,2,1.75,2.5,1,1,2,1.428571429,2.2,2.133333333,1,2,2,1.833333333,2.75,1.4,2,NA,"Galaxus Gutschein (in HÃ¶he von 30CHF)","Nein, ich habe kein Interesse an einem Interview",2540.57,15.15,29.62,271.01,803.98,627.12,767.19,NA,26.5,3.25,2,3,4,2.75,3.5,2.5,2.5,2.25,3.25,2,3,2.75,2.75,2.75,1.75,2.75,1.75,1.5,2.5,1.5,3.75,2,2.5,1,4,4,3,3.5,2.5,2.5,2,2.5,1.5,1.5,1,1.5
37,"01.01.1980 00:00",8,"de",1950335612,1,"1981",0,3.571428571,5,3.533333333,3.6,3.8,3.666666667,3.333333333,3.5,7,4,4.5,4,4.5,3.75,2.363636364,1,3,1,1,2.333333333,3,3.571428571,5,3.733333333,3.8,3.6,3.666666667,3.083333333,3.75,3.9,7,3.75,3.75,3.75,4.5,3.5,3.636363636,2,3.5,2.5,1,3,3.5,3,4,3.466666667,3.2,3.4,3.5,3.166666667,3.166666667,3.4,6,4,3.75,4.5,3.75,3.75,3.727272727,2.8,4,2.25,2.2,4,3,3.428571429,5,3.4,3.8,3.4,3.5,3.416666667,2.75,3.9,7,NA,"Galaxus Gutschein (in HÃ¶he von 30CHF)","Ja, ich habe Interesse an einem Interview",4988.93,47.76,33.38,1027.18,1170.81,1530.72,1122.61,NA,56.47,3.25,3.5,3.25,4,3.25,4,3,3,3.5,3,2,3.25,4,2.75,2.5,3.75,2.75,3,3.75,3,3.5,4,3.5,3,3,4.5,3.5,4,3,3.5,3.5,3.5,3,4,3.5,4,4
38,"01.01.1980 00:00",8,"de",1579703582,1,"1998",0,3.285714286,4.4,4.466666667,4.2,4,3.666666667,2.416666667,2.4,3,4.75,4.75,4.5,4.5,4.5,2.727272727,1,4,2,1.4,5,1.25,3.428571429,5,4.8,4.2,4.2,4.166666667,3.583333333,3.5,4,6,4.25,4.25,4.25,4.5,4.25,3.727272727,3.6,4.25,3.5,1.8,3,3,3.857142857,5,4.4,4.6,4.4,4,2.833333333,3.583333333,4.2,5,5,4.75,5,4.75,4.75,4.454545455,4.2,3.75,5.75,3.8,5,3.75,4.428571429,5,4.666666667,4.8,4.2,4.5,4.25,2.75,4.6,7,NA,"SBB Gutschein (in HÃ¶he von 30CHF)","Nein, ich habe kein Interesse an einem Interview",5320.2,54.81,23.09,1053.99,1248.35,1754.51,1135.63,NA,49.82,2.5,2.25,2.5,3.75,2.75,4,4.25,2.25,4.25,2.25,2,4,4,4.25,2.5,2.75,4,1.75,4.75,3.25,4.75,2,2.5,3.5,2,4.5,4.5,4.5,2,4.75,4,4,3.5,4.25,5,4.5,5
39,"01.01.1980 00:00",8,"de",249726235,1,"1957",1,3.857142857,5,3.133333333,4,4,3.5,3.416666667,4.1,8,5,5,3,4,5,3.636363636,2.2,5,1,1,4,4,4.142857143,5,3.733333333,4.6,4.4,3.666666667,4,3.75,4.4,10,3.75,5,3.25,4.25,4,4.090909091,3.2,4.25,5.5,2.6,3.666666667,3.75,4.285714286,5,3.466666667,2.4,3.8,3.333333333,3.916666667,3.666666667,3.8,8,4,5,4,5,5,4.363636364,4,4.75,4,3.2,3.666666667,3.75,4,5,3.6,4.4,4.2,3.666666667,4.25,3.916666667,4.2,9,6.105263158,"SBB Gutschein (in HÃ¶he von 30CHF)","Ja, ich habe Interesse an einem Interview",6669.63,52.82,76.26,1421.85,1667.24,1855.2,1372.64,164.44,59.18,3.75,2.5,4,4,2.75,4.5,4,2.5,4.5,4.25,3,4.5,4.5,3.25,4.25,4,3.5,4.25,4.5,3.5,4.75,4.75,4,4,3,5,4.5,4,3.5,4.5,3.5,3.5,3,4.75,4,4,3.5
40,"01.01.1980 00:00",8,"de",551347125,1,"1996",0,5,4.8,4.666666667,4.2,4.8,4.833333333,3.416666667,3,7,4.5,5,4.25,5,5,2.727272727,2.2,4,2,1.2,4,3.25,4.857142857,5,4.866666667,5,4.6,4.833333333,3.5,3.666666667,3.8,8,3,4,3,3.5,5,3.181818182,2.4,3.5,2.75,2,2,3,4.571428571,4,4.866666667,4,4.8,4.666666667,3.416666667,3.833333333,3.3,7,5,5,5,4.75,4.75,3.818181818,3.4,3.75,3.75,3.2,4,3,4.857142857,5,5,5,4.8,5,3.333333333,3.666666667,3,8,NA,"Galaxus Gutschein (in HÃ¶he von 30CHF)","Nein, ich habe kein Interesse an einem Interview",16959.7,10.54,23.46,1400.62,1498.97,1449.57,12551,NA,25.53,2.75,3,4.5,4.75,2.25,4,4.75,2.75,4,5,3,3,4.5,3.5,2.5,4.5,3.25,2.5,4,3,3,3,3,3,3,4.25,4,4,2.5,3.25,3.5,3.5,3,3,3,3,3
41,"01.01.1980 00:00",8,"de",1895433471,1,"1997",0,3.857142857,3.8,4,3.6,4,3.833333333,3.333333333,3.2,7,3.5,3.5,3.5,4.25,4,2.454545455,1,3.5,1,1,4,1,4.428571429,4,4.2,4.4,5,5,3.333333333,3.666666667,3.8,9,3.25,4,3.75,4,4,3.181818182,2.4,3,1.75,2,4,1.5,3.857142857,4.2,4.133333333,3.8,4.6,4.333333333,2.916666667,3.583333333,3.9,8,2.5,4,2.75,4.5,4.5,4.636363636,4.2,3.5,3.75,3.6,4,3,4.571428571,4.6,4,3.6,5,5,3.416666667,3.166666667,3.8,8,NA,"Confiserie SprÃ¼ngli Gutschein (in HÃ¶he von 30CHF)","Nein, ich habe kein Interesse an einem Interview",3613.47,25.53,27.43,369.01,639.8,1149.7,1296.3,NA,105.7,3.75,2.75,3.5,4.5,2.75,3.75,3.75,3.5,3.5,3.75,2.25,3.5,3.75,3,3.25,3.75,2.5,2.5,4.25,2.25,3.75,3,3.5,3.5,3,4.25,4,3.5,3,3.75,4.5,4.5,3,4,3.5,4,3.5
42,"01.01.1980 00:00",8,"de",806367923,0,"1996",1,3.428571429,4.2,3.533333333,3,3.4,3.166666667,2.666666667,3.2,5,4.25,4,4.75,5,4.75,2.272727273,1,3,1,1,4,2.5,3.285714286,4.8,3.933333333,3,2.8,2.833333333,3.166666667,3.083333333,3.3,6,1,3,1.5,1.5,2.75,1.545454545,1.4,1.75,1,1,1,2.25,2,3.8,2.733333333,1,3,2.5,1.75,2.916666667,3.1,1,5,4.75,5,5,2.5,3.636363636,3.4,3.25,2.25,1,2.666666667,2.5,3.428571429,4.6,3.6,3.8,3,3,3.25,3.416666667,3.7,7,6.210526316,"Confiserie SprÃ¼ngli Gutschein (in HÃ¶he von 30CHF)","Nein, ich habe kein Interesse an einem Interview",7599.03,41.02,25.93,1358.28,1269.77,1327.77,3340.16,155.01,81.09,2,2.25,3.75,3.25,2.5,3.5,3,2.5,3.25,3.75,2.5,4,3.25,2.75,3.5,1,2.75,1.5,4,2.25,3.5,3.75,3,3,2.5,3.5,3.5,3,3,3.5,3,3,2.5,4,3.5,4,3
43,"01.01.1980 00:00",8,"de",2099825284,0,"1982",1,3.857142857,3.6,3.133333333,2.6,3,2.666666667,3.916666667,3.1,7,4,4.25,3,3.75,4,2.272727273,2.6,3,1,1,4.333333333,1,3,4.6,2.8,2.2,3,2.166666667,3.833333333,3.833333333,2.7,5,1.5,3,2.75,4.25,3,2.363636364,1.4,3,1,1,1.666666667,1.5,3.714285714,4.4,3.066666667,1.6,2.6,1.666666667,2.916666667,3.666666667,3.1,3,2.25,4.25,2.5,4.25,2.75,2.636363636,2.6,3.25,2.75,1.2,1.333333333,2.5,2.428571429,3.4,2.733333333,1.4,3.6,2.166666667,3.416666667,3.666666667,2.9,2,4.894736842,"Galaxus Gutschein (in HÃ¶he von 30CHF)","Ja, ich habe Interesse an einem Interview",6733.17,66.19,58.27,1245.05,1777.48,1634.09,1640.09,215.09,96.91,4.25,3.75,3.75,4,3.75,3.75,3.75,3.5,3.75,3.75,3.5,3.75,4.75,3.75,3,3,3.75,2,4,3.75,2.5,4,3,3,1.5,3.75,2.5,2.5,1,4,3,3,1.5,4.25,2.5,2.5,1
44,"01.01.1980 00:00",8,"de",272168385,0,"1983",1,1.428571429,3.8,1.8,1,1.6,1.833333333,1.833333333,2,1,1.25,1.5,1,1,1,2,2.2,3,4.25,1,2.333333333,1,1.428571429,3.6,1.8,1,1.8,1.166666667,2.083333333,1.916666667,2.3,1,1,1.25,1.25,1.5,1.5,1.636363636,1.8,1.75,3.75,1,1,1,1.714285714,4,1.466666667,1,1.8,2.5,2.166666667,1.916666667,2,1,2,1.25,1,1,1.25,2.181818182,1.8,1.75,6,1.6,1,1.75,1,3.8,1.466666667,1,1.6,1.666666667,2,1.916666667,1.9,1,2.684210526,"Galaxus Gutschein (in HÃ¶he von 30CHF)","Ja, ich habe Interesse an einem Interview",96335.1,55.33,38.41,712.78,13564.5,2589.45,79235.1,97.47,42.03,1.5,2.25,1.75,1.5,2.25,2,1.75,2.25,1.75,1.5,2.5,1.75,2.75,2,1.5,1.25,3.25,2,1.5,2.75,1.75,3.25,1.5,1,1,3.5,1.5,1.5,1.5,3.5,1,1,1,3.25,1,1,1
45,"01.01.1980 00:00",8,"de",94060040,0,"1977",0,NA,NA,NA,NA,NA,NA,NA,NA,NA,3.75,4,3.75,3.75,3.75,4,2.8,3.5,3.75,3,4,3.25,4,4.4,4,3.8,3.6,3.833333333,3.083333333,2.75,3.8,7,3.75,3.75,4,3.75,4.25,3.727272727,3.2,3.75,4.25,3.2,3.666666667,3.5,3.571428571,4,3.866666667,3.8,3.6,3.833333333,3.25,2.916666667,3.6,8,4,3.5,4.25,4.5,4,4.090909091,3,3.75,4.25,3.2,4,2.75,4,4,3.933333333,3.6,3.6,4,3.5,2.833333333,3.9,7,NA,"SBB Gutschein (in HÃ¶he von 30CHF)","Nein, ich habe kein Interesse an einem Interview",11436.3,3.25,14.08,4601.3,2538.48,2003.39,2252.77,NA,22.99,NA,NA,NA,2.75,2.75,2.75,3.5,2.5,2.75,3,2.75,2.75,3.75,2.75,2.75,4,3,2.75,4.5,3.25,2.75,NA,NA,NA,NA,3.75,4,4,3.5,3.75,3.5,4,3,4,4,4,3.5
46,"01.01.1980 00:00",8,"de",396457565,1,"1993",0,2.857142857,4.2,2.866666667,1.6,3.4,2.666666667,2.833333333,2.7,3,2.25,3.75,2.75,4,4,3.181818182,1.2,4,2,1,2.333333333,2.75,4.714285714,5,4.866666667,4.6,5,4.5,3.583333333,3.583333333,3.7,6,2,4,3.75,4,3.75,4.363636364,3,2.5,5,2.2,2,2.75,3.285714286,4.8,3.4,2.8,4,4,4,3.25,3,3,5,4,4,3.75,2.25,4.909090909,4.4,4,5.5,4.8,4.333333333,4,4.285714286,5,4.4,5,4.6,4.333333333,3.583333333,3.916666667,4.1,8,NA,"SBB Gutschein (in HÃ¶he von 30CHF)","Ja, ich habe Interesse an einem Interview",14194.1,52.18,39.44,1213.87,600.64,11467,738.71,NA,82.19,3,2.75,2.75,5,2,3.75,4,2.75,3,4.5,3.5,3.75,4.5,2.75,3.5,4.75,3.75,3.5,4.5,2.25,4,3.25,3,2,2,3.75,3.5,4,3.5,3.25,3.5,2.5,2.5,4,4.5,4,4
47,"01.01.1980 00:00",8,"de",386715887,0,"1965",0,3.285714286,5,3.933333333,4,3.6,3.166666667,3.416666667,3.6,7,4,4.75,4,4,4.75,2.363636364,1.4,3,1,1,3,1.25,4,5,3.866666667,4,4,4,3.25,3.666666667,3.7,7,4,4,4,4,4,2.727272727,2.6,2.75,1,1,3.666666667,2.5,4,5,4,3.8,3.6,3.833333333,3.333333333,3.5,3.7,7,4,4.75,4.25,5,5,3.545454545,3.2,3.5,3.5,1.6,3.333333333,2.75,3.714285714,5,3.933333333,4,3.6,3.666666667,3.583333333,3.583333333,3.9,8,NA,"Galaxus Gutschein (in HÃ¶he von 30CHF)","Nein, ich habe kein Interesse an einem Interview",13774.9,2.59,23.31,1144.61,3122.74,8015.92,1435.3,NA,30.42,3.75,2.75,3.75,4,3,4,4,2.75,3.75,4,3,3.75,3.75,3,3,3.75,3.5,2.75,3.75,3.25,3.75,4.25,3,4,2.5,4.5,3.5,3.5,2.5,4.25,3.5,3.5,3,4.25,4,4,3
48,"01.01.1980 00:00",8,"de",614221576,1,"1992",0,5,5,5,5,4.6,4.833333333,4.833333333,3.9,9,5,5,4.5,4.75,4.5,2.545454545,2.2,3.25,2.5,2,2,2,4,4,4.933333333,4,4.2,4.833333333,3.75,3.666666667,3.5,8,4,3.25,2.25,4.25,4,3.090909091,3.2,2.75,4.75,1.2,1,1.5,3.857142857,5,4.933333333,4,4.6,4.833333333,3.333333333,4.333333333,3.7,7,4,5,4,4.75,5,4.727272727,3.2,3.5,3.75,3.8,4,4,4,5,4.933333333,4,4.6,4.833333333,4.416666667,4.166666667,3.6,7,NA,"Confiserie SprÃ¼ngli Gutschein (in HÃ¶he von 30CHF)","Nein, ich habe kein Interesse an einem Interview",2765.38,79.53,80.08,481.4,512.65,1156.94,409.99,NA,44.79,5,4.5,5,4.5,3,3.5,4.75,4,4.25,5,4,3.5,3.75,4,3.5,3,4,3,5,4,4.25,3.75,4,4,4,3.5,3.5,4,3,3.75,3.5,4,3.5,3.75,3.5,4,3
49,"01.01.1980 00:00",8,"de",35473399,1,"1991",1,3,3.6,2.8,3.2,3,2.833333333,3.166666667,3.2,5,4,4,4,5,5,2.636363636,2,3.75,2,2,4,3,4.142857143,3.6,3.6,4.2,4,3.166666667,3,3.25,4.5,7,3,3,3.25,3.25,2.25,3.090909091,2.6,2.75,4.25,3,2.333333333,2.25,3,3.2,3.2,3,3,3,2.916666667,3.25,3.3,5,4,3.5,4,3.75,2.25,4,2.4,3.5,4,3,3.333333333,3,4,4,3.2,3.2,3.2,3,3.416666667,3,3.3,5,4.421052632,"SBB Gutschein (in HÃ¶he von 30CHF)","Ja, ich habe Interesse an einem Interview",15338.4,4.13,25.38,1023.78,1009.99,1272.84,11882.1,76.52,43.69,3.25,2.75,3.5,4.25,2.5,3,3.5,2.75,3.5,3.25,3,2.75,3,3,3,2.75,3,3,3.75,3.25,3.25,3.75,3.5,3,2,4.75,4.5,4.5,4,3.75,3.5,3,2.5,3.5,3.5,2.5,3.5
50,"01.01.1980 00:00",8,"de",1876968282,0,"1974",1,3.428571429,3.8,3.266666667,3,3.4,3.833333333,3.5,3.8,7,2,4.25,3.25,4.25,3.75,3.272727273,2.4,3.5,2.5,2,3,3,4,4.4,3.8,4,4.4,3.333333333,3.333333333,4.166666667,3.6,8,4.5,4.25,4.5,4.75,4.5,4.454545455,4.2,4,6.25,4.4,5,4,4.571428571,4.6,4.333333333,4.6,4.8,4.5,4.166666667,4.25,4.1,9,3.5,4.5,3.25,4.75,4.5,4.272727273,5,4.5,6.75,4.6,4.333333333,4.25,4.285714286,4.4,4.266666667,4.6,4.2,3.666666667,4.083333333,4.25,4.2,9,5.473684211,"Galaxus Gutschein (in HÃ¶he von 30CHF)","Nein, ich habe kein Interesse an einem Interview",6930.77,10.19,58.51,1156.56,2070.43,1836.51,1505.16,193.67,99.74,4,3.25,3.25,5,3.5,4,5,4,3.75,4.5,4,4.25,3,3.25,3.75,4.75,4.25,3.5,4.5,3.75,4,3.75,4,4,3.5,3.25,3.5,4,4,4,4,4.5,4,4.25,4.5,4,4
51,"01.01.1980 00:00",8,"de",1890404682,1,"1999",0,4,3.4,4.133333333,4,4.8,4.166666667,3.916666667,3.3,9,3.25,4.25,3.75,4.25,4,2.636363636,1,3.5,1,1,3.666666667,1,4.428571429,4.4,4.066666667,4.4,4.6,4,3,4.166666667,3.6,9,2.75,2.5,2.5,3.25,2.75,2.818181818,1,2.25,1.5,1.2,1,1.25,4,4.4,4.133333333,3.8,4.6,4,1.916666667,4.166666667,3.7,9,2.75,4,3.25,4.25,4.25,4.272727273,2.4,4,5.75,3.8,3.666666667,3.75,3.857142857,4.8,4.2,3.8,4.6,4,3.666666667,3.666666667,3.7,9,NA,"Galaxus Gutschein (in HÃ¶he von 30CHF)","Nein, ich habe kein Interesse an einem Interview",5149.84,63.37,61.36,987,1210.75,1359.91,1403.69,NA,63.76,4.25,3,4.5,4.25,3.25,5,4.5,3.5,4.5,3.5,3,4.5,4,3.25,1.75,1.75,2.75,1.25,3.75,3,4.25,3.25,3.5,4,2.5,3.75,3.5,4,3,4,3.5,4,3,4,3.5,4,3
52,"01.01.1980 00:00",8,"de",1481498474,1,"01.09.1988",0,3.857142857,3,3.533333333,3.8,4.4,4.166666667,3.666666667,3,8,4,4,3.75,3.75,3.75,2.545454545,1,3,1,1,4,1,4,3,3.666666667,3.6,4,3.833333333,2.833333333,3.166666667,3.8,8,3,2.75,3.5,4,3,4.090909091,4.2,3,6.25,4.2,3.666666667,3.5,3,2.8,3.4,2.4,3.8,4,2.583333333,3,2.7,2,4,3.5,4,4,4,4.727272727,5,4,7,4.8,4,4,4,3.4,4,4,4.8,4,4.166666667,3.416666667,4.3,9,NA,"SBB Gutschein (in HÃ¶he von 30CHF)","Nein, ich habe kein Interesse an einem Interview",6853.16,4.9,32.78,2621.72,1336.25,1730.64,1085.18,NA,41.69,4.5,3,3.5,4,2.25,3.25,3.75,2,3.25,4,3,3.25,4,2,2.5,2.25,2.25,3.25,4.25,3.75,4.5,3.25,3.5,2.5,2.5,4,3.5,4,3.5,2.5,3,3.5,2,4.75,3.5,4,4.5
53,"01.01.1980 00:00",8,"de",1009441913,1,"1964",1,3.142857143,4,2.933333333,3,4,3.5,3,3.5,4,2,4,3.5,3.75,3.5,2.363636364,1.4,3,1,1.8,2.666666667,2.5,2.142857143,3.8,2.866666667,1.6,3.2,3,2.75,2.833333333,3.1,1,3.25,3.5,3,3.5,3,2.636363636,3,3,3.25,2.2,3,2.5,2.714285714,3.6,3.2,2,3.8,3.166666667,2.75,2.916666667,3.4,2,3,4.5,3,3.75,3.75,2.909090909,3,3,3,1.4,1,3,2.428571429,4.4,3.266666667,1.6,3.8,2.833333333,2.75,3,3.1,2,5.789473684,"Confiserie SprÃ¼ngli Gutschein (in HÃ¶he von 30CHF)","Nein, ich habe kein Interesse an einem Interview",6699.57,5.1,38.96,1026.78,1897.52,1928.1,1579.59,122.18,101.34,2.5,3,3.5,3,2.25,3.25,2.75,2.75,3.25,2.75,3,3.25,3.25,2.5,2.5,3,2.75,2.5,2.75,2.5,3,4,3,3.5,3,3.5,3,2.5,3,4,3,3,3,3.25,3,3,3
54,"01.01.1980 00:00",8,"de",201875308,NA,"",NA,3,3.4,3.133333333,2.8,3.4,3,2.916666667,2.8,5,3.75,4,3.75,3.75,3.25,1.818181818,1.8,2.75,1,1,2.666666667,1,3,3.6,3.333333333,3,3.4,3.333333333,2.5,2.833333333,3.4,4,3.25,3.5,3.25,4,4,2.545454545,2.2,3.25,3.75,2.2,2,2.75,2.571428571,4,3.133333333,2.2,2.6,3,2.416666667,3,3.4,5,3,3.75,3.75,4,3.5,3.818181818,3.6,3.75,4.5,3,3.333333333,2.75,3,3,3.8,3,3.2,3.166666667,3.083333333,3.083333333,3.6,7,NA,"Confiserie SprÃ¼ngli Gutschein (in HÃ¶he von 30CHF)","Nein, ich habe kein Interesse an einem Interview",6909.18,2.35,3.43,427.23,1431.8,1203.67,3807.83,NA,32.87,3,3,2.75,3.25,2.75,2.5,2.75,3,3.25,3.25,3,3,3,3,1.5,2,3,2.25,3.25,3.25,2.75,2.75,3,3,2.5,3.75,3.5,3,3,4,3,3,3,3.75,3.5,4,3
55,"01.01.1980 00:00",8,"de",2034842060,0,"1954",1,4,3.4,4.066666667,3.2,3.8,4.666666667,4,3.4,6,5,4.75,4,5,4.5,1.909090909,1,3,1,1,4,2.5,4.142857143,4.8,4.333333333,4.8,3.8,4.666666667,3,4,4.4,9,4.75,1,2,2.25,4,3.545454545,2,3,4,1.2,3,2.75,4.142857143,3.8,4.2,3.2,4,4.666666667,4,4.25,3.7,6,2.75,4.75,2.75,5,4.5,3.727272727,4,4,4,2.4,3.333333333,3,4.285714286,4.8,4.533333333,4.2,4.6,4.5,4.333333333,4.25,3.5,8,5.210526316,"Galaxus Gutschein (in HÃ¶he von 30CHF)","Ja, ich habe Interesse an einem Interview",6942.58,4.37,41.9,1842.19,1508.01,1484.08,1837.9,165.27,58.86,4.5,3.25,4.25,4.75,3.25,4,5,3.75,4,4.75,4,4,3.5,3.5,2,4.5,4,3.5,4.5,4.25,4.25,3.25,3.5,4,3,4.75,4.5,4,4,3.75,4,3.5,3.5,4,2.5,4,3
56,"01.01.1980 00:00",8,"de",1268160942,1,"2000",0,4.428571429,3.2,3.933333333,2.6,3.8,4,2.583333333,2.7,6,3.25,3,3.5,3,1.75,1.636363636,1,3,1.25,1.2,1.666666667,2.25,2.571428571,4.2,3.533333333,1.6,3.4,3.5,2.083333333,3.25,3.4,4,2.25,1,4.25,5,4,2.909090909,1,3.5,1,1.6,4.666666667,4,3.857142857,4.4,4.4,4.2,4.2,4.666666667,2.416666667,3.333333333,4.1,8,3.5,5,3.25,4.75,4.75,4.636363636,2.8,3,5,4.4,4,3.75,4.714285714,4.4,4.6,4.8,4.8,4.833333333,3.833333333,3.416666667,4.4,8,NA,"Galaxus Gutschein (in HÃ¶he von 30CHF)","Nein, ich habe kein Interesse an einem Interview",6905.01,37.05,15.32,3151.84,1200.51,1270.13,1185.1,NA,45.06,2.5,3.25,2,4.25,2.25,3.25,4.75,2.5,2.75,4,2.75,3.5,2.75,1.5,2,3,2.75,1.5,4.25,3.75,3.5,2.5,4,3,1.5,3.5,4,4,2,4.5,4.5,4,3,4.5,4.5,4.5,4
57,"01.01.1980 00:00",8,"de",1773894005,1,"1998",0,4,4.2,3.866666667,3,4,4,3.5,3.8,6,4.5,5,4.25,4.5,4.5,2.636363636,1.2,3.25,1,1,3.666666667,2.5,3,4.4,3.333333333,2.4,3.6,3.333333333,3,2.916666667,3,2,4.75,5,4.25,4.75,3.75,2.909090909,2.2,2.5,3.75,1.8,1.666666667,2.5,3.714285714,4.2,3.666666667,2.6,2.8,4,2.666666667,3.25,3.5,4,3.75,5,4.5,5,4.5,3.636363636,3,4,3.5,2.6,3,3,4,4.2,3.933333333,3.4,4.2,4,3.583333333,3.583333333,3.8,7,NA,"SBB Gutschein (in HÃ¶he von 30CHF)","Nein, ich habe kein Interesse an einem Interview",7479.9,88.87,48.17,1200.19,2348.09,2247.74,1369.22,NA,177.62,4,3.25,3.25,3.25,2.5,3,3.75,3.25,2.75,4,3,3.75,3.75,2.75,2.5,3.5,2.75,1.75,4.75,2.75,3.25,4.25,3.5,4,3,4.25,2.5,2,2,4.25,3.5,3,2.5,4,4,4,3
58,"01.01.1980 00:00",8,"de",2048876695,0,"1987",0,3.428571429,4.6,4.466666667,2.8,3.8,4,3.083333333,2.8,8,2.5,1.5,2.25,1.5,1,1.727272727,1,2,1,1,1,1,4,4,3.8,4,4,3.666666667,3,3.666666667,3.4,8,2,2.25,2.25,2.5,2,2.363636364,1,2.25,1.75,1.2,1.333333333,1.25,3.714285714,2.8,3.4,2.8,3.4,3.333333333,2.666666667,3.416666667,3.3,7,3,4.5,2.75,4.25,2.5,4.090909091,2.8,4.25,5.25,3.2,5,4.5,4.714285714,5,5,5,4.2,4.166666667,4.5,2.5,4.3,9,NA,"SBB Gutschein (in HÃ¶he von 30CHF)","Ja, ich habe Interesse an einem Interview",10533.4,2.39,1093.58,1586.21,1871.15,2216.81,3698.53,NA,64.7,4,2.75,2.5,3.75,3.5,3.75,4.5,3.25,2.5,2.75,2,2.75,3,3,3,2,3.25,2.75,4.5,5,4,2.75,3,3,2.5,4,3,3,3,4.25,3,2.5,2.5,4.5,4.5,4,4
59,"01.01.1980 00:00",8,"de",895366174,1,"1976",0,3.142857143,4,3.333333333,2.2,3.4,3.333333333,2.75,2.2,3,2.5,2,2.5,4.25,3.75,2.909090909,1,3,1,2.2,3.666666667,3.5,3.714285714,4,3.733333333,4,3.8,4,3.416666667,3.083333333,3.9,7,3.75,4,3.5,4,3.25,3.636363636,1.6,2,3.25,1.6,2,2.75,3.714285714,3.8,3.466666667,2.2,3.4,3.666666667,3.166666667,3.083333333,2.7,3,3.25,3.5,2.25,4.5,2.75,2.727272727,2.2,3.5,3.25,3.4,3.333333333,3.25,3,4,3.6,3.4,3.2,3.166666667,3.333333333,3,3.7,5,NA,"Galaxus Gutschein (in HÃ¶he von 30CHF)","Ja, ich habe Interesse an einem Interview",6109.74,45.21,541.3,1111.39,1469.23,1420.09,1281.34,NA,241.18,3,2.25,3,3.25,2.75,3.25,3.25,2.5,3.5,2.75,3,3.25,3.75,3.25,3.25,3.5,3.5,2.5,3.5,2.75,3.75,2.25,2.5,2,2,4,3.5,4,4,3,2.5,2.5,2.5,3.75,3.5,4,3.5
60,"01.01.1980 00:00",8,"de",1187945174,1,"19.08.1967",1,NA,NA,NA,NA,NA,NA,NA,NA,NA,3.5,4.5,3.25,5,4,2.818181818,1,3.5,1.5,1,3,2,4.714285714,4.8,4.933333333,4,4.8,4.833333333,3.583333333,3.916666667,4.2,8,3.75,4,3.5,3,3,3.272727273,1.4,3.75,5.5,1.6,2.666666667,4,4.714285714,4.2,4.866666667,4.2,4.8,4.666666667,3.5,3.75,4.3,9,3.5,4,3.75,4.5,4.5,4.636363636,3.4,3.25,5.75,3.6,3,4.5,4.857142857,4.8,5,4,4.8,5,2.916666667,4.083333333,4.1,8,5.157894737,"Galaxus Gutschein (in HÃ¶he von 30CHF)","Ja, ich habe Interesse an einem Interview",4828.88,9.93,30.61,912.96,1390.2,1126.17,1204.97,95.8,58.24,NA,NA,NA,4.5,3.5,3.75,4.5,3.25,3.5,4.5,3.5,4.25,3.75,4.75,2.25,4,3.5,3,4,2.5,2.25,NA,NA,NA,NA,4.5,4.5,4.5,3,4.5,4.5,5,3,4.25,4,4.5,3.5
61,"01.01.1980 00:00",8,"de",1869073775,1,"1987",0,4.714285714,5,4.733333333,4.6,4.6,4.333333333,4.416666667,3.5,8,4.75,5,5,4.75,4.75,2.545454545,1,3.75,1,1,5,2.25,4.571428571,5,4.733333333,5,4.8,4.666666667,3.666666667,4.25,4,8,1.75,4.5,4.5,3.75,4.75,3.545454545,1.6,3.75,3.25,1,2,2.25,3.428571429,5,4.066666667,4.2,4.8,4,2.5,3.833333333,3.5,4,3,4.25,4.25,3.25,3.75,3.909090909,2.4,3.5,5,1.6,3,3,3.857142857,5,4.333333333,4,4.6,4.666666667,3.083333333,3.25,3.9,6,NA,"SBB Gutschein (in HÃ¶he von 30CHF)","Ja, ich habe Interesse an einem Interview",13140.3,12.46,19.3,1108.95,1064.39,8815.91,2095,NA,24.31,5,3.5,4.75,5,3,4.75,3.75,3,4.75,2.75,2.5,4.5,4,3.75,3.25,2.25,2.25,3,2.75,2.5,4,3.75,3.5,3.5,3,4.75,4.5,3,3,4.25,3.5,3,2.5,4.25,4.5,3.5,3
62,"01.01.1980 00:00",8,"de",784671363,1,"1989",0,4.285714286,4.6,4,4.4,4.6,3.666666667,4.083333333,3.4,8,4.75,4.25,4.5,4.25,3.75,2.363636364,1,4.5,1,1,1.666666667,3.25,3.857142857,3.8,3.8,3.2,3.4,3.333333333,3.583333333,3.166666667,3.4,5,1.25,2,2.5,4,2.75,2.454545455,1.8,2.75,2.5,1.4,1.333333333,2,3.285714286,3.2,2.6,2.2,3,2.333333333,3.25,3.166666667,2.8,2,4,4.75,4.75,4.75,4.75,4,3.6,4.25,5,3.6,3.666666667,3.75,4.714285714,4,4.133333333,4.8,4,3.5,4.166666667,4.083333333,4.4,8,NA,"Galaxus Gutschein (in HÃ¶he von 30CHF)","Nein, ich habe kein Interesse an einem Interview",6511.17,11.09,23.13,739.27,1037.02,3576.03,1095.57,NA,29.06,3.5,4,4.75,3,3.25,3.25,3.25,3.5,2.75,4.25,3.75,4.25,4.75,4,2,3.75,3.5,2.5,4.25,3.5,4.75,3.25,4,3.5,3,4,3.5,3.5,2,2.5,2.5,3,3.5,4.25,5,4,4.5
64,"01.01.1980 00:00",8,"de",1046049850,1,"2000",0,4.857142857,4.6,4.6,5,5,4.5,4.583333333,3.9,9,3.5,2.5,3,4,4.5,2,1,3.25,1,1,1.666666667,2.25,4.285714286,3.8,4.333333333,4.8,5,4.333333333,3.166666667,4.416666667,4.1,9,2,4.25,3.25,4.25,4.5,3.636363636,3.4,4,6,2.8,2.333333333,3.5,3.142857143,4,4.066666667,3,4.2,3.666666667,3,3.916666667,3.9,6,3.75,4.5,3.75,4.75,4.75,4.545454545,2.2,4,5.5,4,4,4.25,4,3.6,4.133333333,4.2,4.4,4.333333333,3.833333333,3.666666667,3.8,8,NA,"Galaxus Gutschein (in HÃ¶he von 30CHF)","Nein, ich habe kein Interesse an einem Interview",6089.85,5.49,27.23,1155.88,1550.79,1637.52,1612.09,NA,100.85,5,4.25,4.5,4.75,4.25,4.25,4.5,2.75,4.5,3.75,3.25,4,2.25,4.25,3,3.25,2.5,3.25,4.25,3.5,3.75,3.5,4.5,4.5,3.5,4,4.5,4.5,3.5,4,4,4,3.5,3.5,4,4,4
65,"01.01.1980 00:00",8,"de",1659172841,1,"1998",0,4,4,4,4,4,4,3.333333333,3.8,4,4,4,2.75,4,3,2.363636364,1,3.5,1,1,1,1.5,3.714285714,3.6,3.8,4,3.6,3.833333333,2.916666667,3.166666667,3.7,3,3.75,4,3.75,4,4,2.636363636,1.4,3,1,1,3,1.5,3,4,3.533333333,3,3.2,3.833333333,2.833333333,3.333333333,3.5,3,4.25,2.25,2.5,3.25,3.25,2.818181818,2.4,3.75,2.25,1.6,1,2.5,1.857142857,4,3.266666667,1,3,3.833333333,3.166666667,2.583333333,2.9,1,NA,"SBB Gutschein (in HÃ¶he von 30CHF)","Nein, ich habe kein Interesse an einem Interview",3081.37,38.39,33.98,601.62,770.7,457.11,1136.7,NA,42.87,3.25,2.75,4,3.25,2.5,3.75,3.25,2.75,4,2.75,2,3,3.75,4,1,4,3.5,1,2.75,3.5,3.25,4,4,4,3,4,4,4,2.5,4,4,3,2.5,3.25,3,3,2
66,"01.01.1980 00:00",8,"de",1174621922,1,"1985",1,3.571428571,3.8,3.266666667,2,3.6,3,3,3.2,3,4,4.5,2.75,3,2.5,1.909090909,1,3.5,1,1,1.333333333,3.25,3.857142857,3.8,3.466666667,3.2,2.6,3.166666667,2.166666667,2.666666667,3.5,3,4,4,4,4,3,2.727272727,4,3.75,3.5,3.8,4,3,3.714285714,4,3.866666667,3,3.2,3.5,2.75,3.25,3.9,5,4,4,3,4,5,5,3.6,4.75,4.75,4.8,4,3.75,4,4.4,3.866666667,4.6,3.4,3.666666667,3.833333333,3.083333333,4.6,7,6.315789474,"SBB Gutschein (in HÃ¶he von 30CHF)","Ja, ich habe Interesse an einem Interview",7902.72,3.65,14.48,1248.06,1478.25,2322.61,2701.95,69.49,64.23,3,2.5,3.5,2.5,2.25,3.25,3.75,2.5,3.5,3.5,2.25,3.5,1.75,2.25,2.5,2,2.75,3.5,4,3,4.5,3.75,4,2.5,2,4.5,3,3.5,2,4.5,3.5,3.5,3.5,4.75,4,5,4.5
67,"01.01.1980 00:00",8,"de",1022482487,1,"1988",0,3.142857143,4.8,3.666666667,4.2,3.6,3.833333333,3.583333333,3.9,8,1,3,4,4,4,2.363636364,3,3,1,3,2,2,3.428571429,5,3.666666667,3.8,3,3.333333333,3.083333333,3.416666667,3.8,8,1,2,1.75,1.75,1.75,1,3,3,1,1,1,1,3,5,3.733333333,1.4,4.2,3.833333333,3.25,3.166666667,3.3,1,1,4,4,5,5,1,1,3,1,1,1,1,3.857142857,5,4,4,4.2,3.333333333,2.833333333,3.166666667,4,9,NA,"SBB Gutschein (in HÃ¶he von 30CHF)","Ja, ich habe Interesse an einem Interview",4401.39,2.54,15.9,1211.53,2171.97,643.03,308.8,NA,47.62,4,2.5,4.25,4,2.5,3.75,3,3.5,3,3.25,3.25,3,3.25,3,3,3.75,3,3,2.5,3,3,4.5,3.5,4,3,4.5,3.5,3.5,3,4.25,3,3,2,4.75,4,3.5,3
68,"01.01.1980 00:00",8,"de",94460275,0,"1990",0,2.571428571,3.8,2.4,2.6,3,2.333333333,2.083333333,2.8,2,4,4,4.5,4.5,4.5,2.272727273,1.6,4.25,1.25,1,2,1.5,3.857142857,4.6,4.066666667,3.8,3.8,3.333333333,2.5,3.666666667,3.7,7,3.25,4,4.25,4,4.5,3.090909091,2.8,2.5,3.75,1.4,1,2,3.571428571,3.6,3.866666667,3.6,3.4,3,2.25,3.166666667,3,4,4.25,4.25,4.25,4.25,4.5,4.090909091,3.6,4,3.25,3.6,3.333333333,3.25,4,4.4,3.866666667,4,4,3.333333333,3.833333333,3.583333333,3.9,6,NA,"Galaxus Gutschein (in HÃ¶he von 30CHF)","Ja, ich habe Interesse an einem Interview",6320.35,5.57,21.77,776.51,954.6,1295.29,1691.89,NA,1574.72,1.75,2.25,2.25,4,3.25,3.75,3.5,2.75,3.25,4,3.25,3.5,2.5,3.25,1.75,2,3,1.75,3.75,3.5,4.25,3.5,3,2,2,4.25,3.5,3.5,3,3.75,3,2.5,2,4.25,4,3.5,3.5
69,"01.01.1980 00:00",8,"de",1456069552,0,"1994",0,4.571428571,4.4,4,3.8,4.6,4.166666667,3.416666667,3.6,7,3,4,4.25,4,4,2.363636364,2,3,1,1,2.333333333,1.5,3.857142857,4,3.8,3.6,3.8,3.833333333,3.25,3.666666667,3.9,8,3,4,4,4,4,3.090909091,3,3.5,1.75,1.2,3,2.25,3.857142857,4,3.666666667,3.8,3.8,3.833333333,2.666666667,3.583333333,3,5,4,4.5,4,4.75,4.75,4.272727273,3.8,3.5,6.25,3.8,3.666666667,3,4,4,3.8,4,3.8,3.833333333,3.75,3.666666667,4.1,8,NA,"Galaxus Gutschein (in HÃ¶he von 30CHF)","Nein, ich habe kein Interesse an einem Interview",6319.95,68.52,49.33,1596.5,1804.02,1543.03,1221.29,NA,37.26,4,2.75,3.5,3.75,3.25,4,4,3,3.75,4,3.25,3.75,3,4.25,2.5,3.25,2.5,2.25,4.25,3.25,3.75,3.75,3.5,4,3,4.25,3.5,4,3.5,3.5,3,3,2,4.5,4,3.5,4
70,"01.01.1980 00:00",8,"de",2109921331,1,"1997",0,4.428571429,4.2,4.2,4,4.2,4.166666667,3.916666667,3.6,7,4.75,4.5,4,4.25,3.75,2.818181818,1.2,3.75,2.25,1,4.666666667,3.5,4.285714286,4.2,4.2,3.8,4,4.166666667,3.833333333,3.916666667,3.6,7,4.5,4,4.25,4.5,3.5,3.727272727,2,3,4,2,4.333333333,2.75,4.285714286,4.2,4.133333333,4.2,3.8,4.166666667,3.25,3.833333333,3.8,7,3.5,3.5,4.25,3,3.75,3.272727273,2.6,3.75,4.5,2.6,2.333333333,2.25,3.714285714,4,3.733333333,3.2,3.8,4.166666667,2.5,3.833333333,3.7,5,NA,"Confiserie SprÃ¼ngli Gutschein (in HÃ¶he von 30CHF)","Ja, ich habe Interesse an einem Interview",6357.55,8.7,20.83,1304.01,2135.55,1561.94,1182.89,NA,143.63,4,3.25,4.5,4.25,3,4.5,4.25,2.75,4.5,3.75,3.5,4.25,4.25,4,3.25,3.75,3,3,3.25,2,2.25,3.75,4,3.5,3,3.75,4,3.5,3,4,3.5,3.5,4,3.5,4,3.5,4
71,"01.01.1980 00:00",8,"de",1840594071,0,"1998",0,4.428571429,5,4.866666667,4.8,5,4.833333333,3.75,4.5,8,4,4,4.25,5,4.75,1.818181818,1,3.5,1,1,3.333333333,1,5,5,5,5,4.8,5,3.166666667,3.833333333,4.5,10,1,4,3.5,3,2.75,2.363636364,1.2,3.5,4.25,1,1,1,1.857142857,4.8,3.333333333,2.2,3,4,2.666666667,3.25,2.4,3,3.75,4.5,4,4.5,4,4.272727273,4,4,2.75,4,2.333333333,3.25,4,5,4.933333333,4,4,4,3.583333333,3,4.1,9,NA,"Confiserie SprÃ¼ngli Gutschein (in HÃ¶he von 30CHF)","Ja, ich habe Interesse an einem Interview",3811.89,8.34,25.47,904.97,1052.6,1129.99,536.87,NA,153.65,4.75,2,4.5,5,2.75,3.75,3,2.75,4,2,2.5,4.5,4,3,2.5,3.5,3.25,1.25,4.25,3,3.5,4.75,4,4,5,4.75,5,4,4,2.25,2,2,3.5,3.75,4.5,4,4.5
72,"01.01.1980 00:00",8,"de",431691826,1,"1997",0,3.714285714,3.4,4.666666667,2.2,3.6,4.833333333,3.666666667,2.8,3,4.5,4.75,4.25,5,4.75,2.363636364,1.8,3,2.75,1.2,3.666666667,3.25,4.857142857,3.8,4.8,2.4,4,5,3.25,3.666666667,3.2,5,3.25,4,2.5,2,2.75,2.181818182,1.4,3,1,1,1.666666667,2.75,3.571428571,2.2,4.8,1,3.8,4.666666667,2.333333333,3.5,2.5,1,5,5,5,5,5,3.636363636,2,3.75,3.5,1.6,3.333333333,3.5,4.857142857,3.2,5,2.8,4.2,5,3.333333333,3.833333333,3.5,6,NA,"Galaxus Gutschein (in HÃ¶he von 30CHF)","Nein, ich habe kein Interesse an einem Interview",6137.48,51.55,56.68,1344.87,1828.54,1257.26,1461.34,NA,137.24,4.25,2.5,4.25,4.5,2.25,4.25,3.5,2.5,4.5,4.5,2.75,4.25,3.25,4,2.5,2,2.75,2.25,3.75,2.75,3.5,2.5,3.5,2.5,3,2.75,3,4,3.5,2.25,3,2,3,3.25,3.5,4,3.5
73,"01.01.1980 00:00",8,"de",702019864,1,"1965",1,2.428571429,4.8,2.6,2,3.6,1.666666667,3.166666667,2.7,2,2.5,1.75,4,3.5,3.75,1.636363636,1,3,2,2,2,1,1.714285714,4.2,2,1,3.4,1.5,2.833333333,2.916666667,2.7,1,3.5,3.25,3.75,3.5,3.5,3.636363636,1.4,3,1.75,1.2,1,1.75,1.571428571,4.2,2.266666667,1,3,1.666666667,2.916666667,3,2.7,1,3.25,3,3,3.5,3.75,2.727272727,1.6,3,3.5,3.6,2,1.5,1.285714286,4.2,2.266666667,1,3,1.833333333,3,3.083333333,2.9,1,4.105263158,"SBB Gutschein (in HÃ¶he von 30CHF)","Ja, ich habe Interesse an einem Interview",4312.64,5.01,25.22,1780.68,1028.34,512.75,758.69,125.29,76.66,3,2.75,3.75,2.75,3,3,3,3,3,3,3.25,3,3,3,2.5,3.25,3,2.5,3.25,3,2.75,3.5,2.5,3,1,3.75,2.5,2.5,1,3.75,3,2,1,4,3,2.5,1
74,"01.01.1980 00:00",8,"de",248632308,0,"1989",0,4.571428571,5,4.2,4.8,4.6,4.5,4.333333333,4.4,9,5,4.25,4.25,4,4.25,2.454545455,1,3.5,2,1,3.333333333,3,4.428571429,4.2,4.666666667,4.2,4.8,4.333333333,3.583333333,4.333333333,4.3,8,4.5,5,4.25,5,4.75,3.272727273,1,3,2.5,1.6,2.666666667,3.25,3.857142857,5,4.466666667,4,4.6,4.833333333,3.833333333,4.5,3.3,7,4.5,4.75,5,5,4.75,3.545454545,4,3.5,4.75,2.4,2.666666667,2.5,3.571428571,5,4.333333333,2.6,4.4,4.5,3.416666667,4.333333333,3.7,6,NA,"Galaxus Gutschein (in HÃ¶he von 30CHF)","Nein, ich habe kein Interesse an einem Interview",19413.8,31.7,305.48,14938.6,1393.73,1439.27,1217.17,NA,87.85,4.5,3.75,4.75,4.75,3.75,4.5,5,3.75,4.75,4.75,3.75,4.5,4.75,3.75,2.25,4.75,4.25,2.5,4.5,3.5,2.25,4.5,5,4.5,3.5,4.5,4.5,4.5,3.5,3.5,4,2.5,3,3.75,4,3,4
75,"01.01.1980 00:00",8,"de",1105158096,0,"1966",1,2.428571429,5,3.8,1.6,3.8,3.5,2.333333333,3.1,1,1,1.25,2,1.5,1.25,2.363636364,1,5,1,1,1,1,2.571428571,4.8,3.8,1.4,3.2,2.5,1.916666667,2.75,2.3,1,1,1.25,1.75,1.25,1,2.454545455,1,3.5,1,1,1,2,2.571428571,4.8,4.266666667,2,3.8,3.5,2.583333333,3.666666667,3.2,1,1.75,1,1,1.5,1,2.636363636,1,3.5,1,1,1,1,1.571428571,4.8,3.666666667,1.4,4,3.166666667,1.666666667,2.75,1.6,1,3.842105263,"Confiserie SprÃ¼ngli Gutschein (in HÃ¶he von 30CHF)","Ja, ich habe Interesse an einem Interview",5427.69,42.61,38.35,1255.14,1252.75,1377.51,1236.96,156.75,67.62,2.25,1.75,3,4.75,1,2.5,5,3,3,4.25,1.5,2.5,2.75,2,1,4.75,2,1,1.75,2.25,1,4.5,2.5,2.5,1.5,3.5,2,1.5,1,4.5,3,3,1,2.5,1,1,1
76,"01.01.1980 00:00",8,"de",1133288579,1,"1958",1,4.428571429,5,4.933333333,4.8,5,5,3.75,3.8,9,5,5,5,5,5,3.181818182,2.6,3.5,2.5,2.2,3,3.5,4.428571429,5,5,4.2,5,5,3.5,3.416666667,3.8,9,3,4,4,4,4,3.454545455,2.8,3.5,2.5,2,2.666666667,2.75,4,5,5,4.8,5,5,3.166666667,3.75,4.1,9,3.75,4,3,4,4,3.454545455,2.8,3.75,4,2.6,3.333333333,2.75,3.428571429,4,4.733333333,4,4.6,5,3.5,3.583333333,4.2,9,6.684210526,"Galaxus Gutschein (in HÃ¶he von 30CHF)","Nein, ich habe kein Interesse an einem Interview",6429.45,38.9,35.01,543.88,1787.48,1796.57,2027.24,109.97,90.4,3.5,3.25,4.5,3.75,3,3.5,3.5,3.5,4.25,3.5,3,4.25,3.75,2.75,4,3,2.75,3.75,3.75,3,3.75,3.75,4,4.5,3,4,4,3.5,3.5,4,4.5,4,4,4.25,4.5,4,4
77,"01.01.1980 00:00",8,"de",1429979617,1,"1961",1,5,3.4,4.533333333,4.2,4.8,4.666666667,3.833333333,4.2,8,5,5,5,5,5,4.272727273,3,4,5.25,3.2,4,4,5,3.4,4.333333333,5,5,5,3.833333333,3.666666667,3.7,9,4.75,5,5,5,5,4.454545455,2.8,5,6,3,4,4.25,5,3.8,5,5,5,5,3.833333333,4,4.1,9,5,5,5,5,5,4.272727273,3,3,6,3.8,4.333333333,4,5,4,4,5,5,5,3.583333333,3.75,3,9,6.315789474,"SBB Gutschein (in HÃ¶he von 30CHF)","Ja, ich habe Interesse an einem Interview",5268.29,268.1,46.46,1065.43,1230.93,1431.04,1018.09,127.5,80.74,4,3.75,3.75,4.5,2.75,3.75,4.5,3.75,3.75,4.5,2.75,4,4.75,3,3.75,4.75,3.25,3.5,4.5,2.75,3.5,4.25,4,5,3.5,4,4,3.5,3,4.25,4.5,4,3.5,3,3,3,3
